species,alpha,beta,r2
Rudd,10.057529658469212,-22.457487363679633,0.9041564820275264
Goldfish,2.954097814189719,44.71263447810154,0.04642281882835339
